{
  "validation": {
    "accuracy": 0.8887029288702929,
    "precision_macro": 0.7066430667032416,
    "recall_macro": 0.5376692823404073,
    "f1_macro": 0.5878550549765437,
    "precision_weighted": 0.8825475211402172,
    "recall_weighted": 0.8887029288702929,
    "f1_weighted": 0.8758902476249469,
    "false_negative_rate": 0.30194805194805197,
    "attack_detection_rate": 0.698051948051948,
    "false_positive_rate": 0.004509582863585118,
    "legitimate_pass_rate": 0.9954904171364148,
    "per_class": {
      "benign": {
        "precision": 0.9047131147540983,
        "recall": 0.9954904171364148,
        "f1-score": 0.9479334406870639,
        "support": 887.0
      },
      "sqli": {
        "precision": 1.0,
        "recall": 0.45454545454545453,
        "f1-score": 0.625,
        "support": 22.0
      },
      "xss": {
        "precision": 0.868421052631579,
        "recall": 0.717391304347826,
        "f1-score": 0.7857142857142857,
        "support": 46.0
      },
      "path_traversal": {
        "precision": 1.0,
        "recall": 0.4117647058823529,
        "f1-score": 0.5833333333333334,
        "support": 17.0
      },
      "command_injection": {
        "precision": 0.7899159663865546,
        "recall": 0.5802469135802469,
        "f1-score": 0.6690391459074733,
        "support": 162.0
      },
      "xxe": {
        "precision": 1.0,
        "recall": 1.0,
        "f1-score": 1.0,
        "support": 14.0
      },
      "ssrf": {
        "precision": 0.75,
        "recall": 0.2,
        "f1-score": 0.3157894736842105,
        "support": 15.0
      },
      "ldap_injection": {
        "precision": 1.0,
        "recall": 1.0,
        "f1-score": 1.0,
        "support": 1.0
      },
      "nosql_injection": {
        "precision": 0.0,
        "recall": 0.0,
        "f1-score": 0.0,
        "support": 1.0
      },
      "ssti": {
        "precision": 0.6666666666666666,
        "recall": 0.5925925925925926,
        "f1-score": 0.6274509803921569,
        "support": 27.0
      },
      "crlf_injection": {
        "precision": 0.5,
        "recall": 0.5,
        "f1-score": 0.5,
        "support": 2.0
      },
      "malicious": {
        "precision": 0.0,
        "recall": 0.0,
        "f1-score": 0.0,
        "support": 1.0
      },
      "accuracy": 0.8887029288702929,
      "macro avg": {
        "precision": 0.7066430667032416,
        "recall": 0.5376692823404073,
        "f1-score": 0.5878550549765437,
        "support": 1195.0
      },
      "weighted avg": {
        "precision": 0.8825475211402172,
        "recall": 0.8887029288702929,
        "f1-score": 0.8758902476249469,
        "support": 1195.0
      }
    },
    "confusion_matrix": [
      [
        883,
        0,
        0,
        0,
        2,
        0,
        0,
        0,
        0,
        2,
        0,
        0
      ],
      [
        8,
        10,
        0,
        0,
        3,
        0,
        0,
        0,
        0,
        1,
        0,
        0
      ],
      [
        7,
        0,
        33,
        0,
        6,
        0,
        0,
        0,
        0,
        0,
        0,
        0
      ],
      [
        8,
        0,
        0,
        7,
        2,
        0,
        0,
        0,
        0,
        0,
        0,
        0
      ],
      [
        57,
        0,
        5,
        0,
        94,
        0,
        1,
        0,
        0,
        4,
        1,
        0
      ],
      [
        0,
        0,
        0,
        0,
        0,
        14,
        0,
        0,
        0,
        0,
        0,
        0
      ],
      [
        4,
        0,
        0,
        0,
        7,
        0,
        3,
        0,
        0,
        1,
        0,
        0
      ],
      [
        0,
        0,
        0,
        0,
        0,
        0,
        0,
        1,
        0,
        0,
        0,
        0
      ],
      [
        1,
        0,
        0,
        0,
        0,
        0,
        0,
        0,
        0,
        0,
        0,
        0
      ],
      [
        6,
        0,
        0,
        0,
        5,
        0,
        0,
        0,
        0,
        16,
        0,
        0
      ],
      [
        1,
        0,
        0,
        0,
        0,
        0,
        0,
        0,
        0,
        0,
        1,
        0
      ],
      [
        1,
        0,
        0,
        0,
        0,
        0,
        0,
        0,
        0,
        0,
        0,
        0
      ]
    ],
    "auc_ovr_macro": 0.9333725541700355,
    "auc_ovr_weighted": 0.9778946017555912
  },
  "test": {
    "accuracy": 0.8899120971117622,
    "precision_macro": 0.753058181023946,
    "recall_macro": 0.5060114268737504,
    "f1_macro": 0.5776774689756919,
    "precision_weighted": 0.8857476719220883,
    "recall_weighted": 0.8899120971117622,
    "f1_weighted": 0.8771647999720235,
    "false_negative_rate": 0.32142857142857145,
    "attack_detection_rate": 0.6785714285714286,
    "false_positive_rate": 0.006204173716864072,
    "legitimate_pass_rate": 0.9937958262831359,
    "per_class": {
      "benign": {
        "precision": 0.8989795918367347,
        "recall": 0.9937958262831359,
        "f1-score": 0.9440128582909189,
        "support": 1773.0
      },
      "sqli": {
        "precision": 0.9615384615384616,
        "recall": 0.5555555555555556,
        "f1-score": 0.704225352112676,
        "support": 45.0
      },
      "xss": {
        "precision": 0.8873239436619719,
        "recall": 0.6923076923076923,
        "f1-score": 0.7777777777777778,
        "support": 91.0
      },
      "path_traversal": {
        "precision": 0.9,
        "recall": 0.2647058823529412,
        "f1-score": 0.4090909090909091,
        "support": 34.0
      },
      "command_injection": {
        "precision": 0.8215767634854771,
        "recall": 0.6130030959752322,
        "f1-score": 0.7021276595744681,
        "support": 323.0
      },
      "xxe": {
        "precision": 0.84375,
        "recall": 1.0,
        "f1-score": 0.9152542372881356,
        "support": 27.0
      },
      "ssrf": {
        "precision": 0.9,
        "recall": 0.3103448275862069,
        "f1-score": 0.46153846153846156,
        "support": 29.0
      },
      "ldap_injection": {
        "precision": 1.0,
        "recall": 0.3333333333333333,
        "f1-score": 0.5,
        "support": 3.0
      },
      "nosql_injection": {
        "precision": 0.0,
        "recall": 0.0,
        "f1-score": 0.0,
        "support": 2.0
      },
      "ssti": {
        "precision": 0.8235294117647058,
        "recall": 0.509090909090909,
        "f1-score": 0.6292134831460674,
        "support": 55.0
      },
      "crlf_injection": {
        "precision": 1.0,
        "recall": 0.8,
        "f1-score": 0.8888888888888888,
        "support": 5.0
      },
      "malicious": {
        "precision": 0.0,
        "recall": 0.0,
        "f1-score": 0.0,
        "support": 2.0
      },
      "accuracy": 0.8899120971117622,
      "macro avg": {
        "precision": 0.753058181023946,
        "recall": 0.5060114268737504,
        "f1-score": 0.5776774689756919,
        "support": 2389.0
      },
      "weighted avg": {
        "precision": 0.8857476719220883,
        "recall": 0.8899120971117622,
        "f1-score": 0.8771647999720235,
        "support": 2389.0
      }
    },